,support,itemsets
0,0.05775954814416353,['不断']
1,0.055675094136632595,['已经']
2,0.05130446476600323,['没有']
