support,words
0.002050043528321492,不断-进一步
0.0018815467999663009,已经-进一步
0.0018534640119071022,已经-必须
0.0018253812238479038,不断-越来越
0.0018253812238479038,不断-已经
0.0017972984357887052,已经-甚至
0.0017972984357887052,不断-必须
0.0016007189193743155,不断-逐步
0.001572636131315117,不断-特别
0.0014883877671375213,更加-进一步
0.0014322221910191245,已经-越来越
0.0014041394029599258,仍然-已经
0.0012637254626639333,不断-更加
0.0011794770984863375,已经-逐步
0.0010671459462495436,必须-进一步
0.0010671459462495436,已经-正在
0.0010671459462495436,不断-快速
0.0010671459426564656,如此-就
0.0010671459426564656,刚-就
0.0010109803701311463,特别-进一步
0.0010109803701311463,否则-进而
